"STATION","NAME","DATE","DAPR","MDPR","PRCP","SNOW","SNWD","TAVG","TMAX","TMIN","TOBS"
"USW00025333","SITKA AIRPORT, AK US","2018-05-31",,,"0.00",,,,"54","42",
"USW00025333","SITKA AIRPORT, AK US","2018-06-01",,,"0.02",,,,"58","44",
"USW00025333","SITKA AIRPORT, AK US","2018-06-02",,,"0.19",,,,"53","45",
"USW00025333","SITKA AIRPORT, AK US","2018-06-03",,,"0.00",,,,"57","43",
"USW00025333","SITKA AIRPORT, AK US","2018-06-04",,,"0.07",,,,"52","46",
"USW00025333","SITKA AIRPORT, AK US","2018-06-05",,,"0.00",,,,"63","44",
"USW00025333","SITKA AIRPORT, AK US","2018-06-06",,,"0.07",,,,"57","47",
"USW00025333","SITKA AIRPORT, AK US","2018-06-07",,,"0.04",,,,"59","48",
"USW00025333","SITKA AIRPORT, AK US","2018-06-08",,,"0.02",,,,"59","45",
"USW00025333","SITKA AIRPORT, AK US","2018-06-09",,,"0.19",,,,"60","44",
"USW00025333","SITKA AIRPORT, AK US","2018-06-10",,,"1.09",,,,"53","46",
"USW00025333","SITKA AIRPORT, AK US","2018-06-11",,,"0.07",,,,"51","49",
"USW00025333","SITKA AIRPORT, AK US","2018-06-12",,,"0.02",,,,"63","46",
"USW00025333","SITKA AIRPORT, AK US","2018-06-13",,,"0.10",,,,"56","49",
"USW00025333","SITKA AIRPORT, AK US","2018-06-14",,,"0.01",,,,"54","49",
"USW00025333","SITKA AIRPORT, AK US","2018-06-15",,,"0.00",,,,"60","50",
"USW00025333","SITKA AIRPORT, AK US","2018-06-16",,,"0.36",,,,"57","48",
"USW00025333","SITKA AIRPORT, AK US","2018-06-17",,,"0.02",,,,"54","52",
"USW00025333","SITKA AIRPORT, AK US","2018-06-18",,,"0.00",,,,"62","52",
"USW00025333","SITKA AIRPORT, AK US","2018-06-19",,,"0.00",,,,"67","52",
"USW00025333","SITKA AIRPORT, AK US","2018-06-20",,,"0.00",,,,"62","52",
"USW00025333","SITKA AIRPORT, AK US","2018-06-21",,,"0.00",,,,"57","52",
"USW00025333","SITKA AIRPORT, AK US","2018-06-22",,,"0.00",,,,"60","52",
"USW00025333","SITKA AIRPORT, AK US","2018-06-23",,,"0.00",,,,"57","49",
"USW00025333","SITKA AIRPORT, AK US","2018-06-24",,,"0.05",,,,"61","50",
"USW00025333","SITKA AIRPORT, AK US","2018-06-25",,,"0.01",,,,"60","50",
"USW00025333","SITKA AIRPORT, AK US","2018-06-26",,,"0.11",,,,"55","49",
"USW00025333","SITKA AIRPORT, AK US","2018-06-27",,,"0.00",,,,"56","50",
"USW00025333","SITKA AIRPORT, AK US","2018-06-28",,,"0.20",,,,"61","50",
"USW00025333","SITKA AIRPORT, AK US","2018-06-29",,,"0.38",,,,"57","51",
"USW00025333","SITKA AIRPORT, AK US","2018-06-30",,,"0.14",,,,"57","51",
"USW00025333","SITKA AIRPORT, AK US","2018-07-01",,,"0.25",,,,"62","50",
"USW00025333","SITKA AIRPORT, AK US","2018-07-02",,,"0.01",,,,"58","53",
"USW00025333","SITKA AIRPORT, AK US","2018-07-03",,,"0.00",,,,"70","54",
"USW00025333","SITKA AIRPORT, AK US","2018-07-04",,,"0.00",,,,"70","55",
"USW00025333","SITKA AIRPORT, AK US","2018-07-05",,,"0.00",,,,"67","55",
"USW00025333","SITKA AIRPORT, AK US","2018-07-06",,,"0.00",,,,"59","55",
"USW00025333","SITKA AIRPORT, AK US","2018-07-07",,,"0.00",,,,"58","55",
"USW00025333","SITKA AIRPORT, AK US","2018-07-08",,,"0.00",,,,"62","54",
"USW00025333","SITKA AIRPORT, AK US","2018-07-09",,,"0.00",,,,"66","55",
"USW00025333","SITKA AIRPORT, AK US","2018-07-10",,,"0.44",,,,"59","53",
"USW00025333","SITKA AIRPORT, AK US","2018-07-11",,,"0.29",,,,"56","50",
"USW00025333","SITKA AIRPORT, AK US","2018-07-12",,,"0.02",,,,"63","49",
"USW00025333","SITKA AIRPORT, AK US","2018-07-13",,,"0.00",,,,"65","48",
"USW00025333","SITKA AIRPORT, AK US","2018-07-14",,,"0.32",,,,"58","52",
"USW00025333","SITKA AIRPORT, AK US","2018-07-15",,,"0.75",,,,"56","52",
"USW00025333","SITKA AIRPORT, AK US","2018-07-16",,,"0.61",,,,"59","52",
"USW00025333","SITKA AIRPORT, AK US","2018-07-17",,,"0.00",,,,"64","52",
"USW00025333","SITKA AIRPORT, AK US","2018-07-18",,,"0.16",,,,"60","53",
"USW00025333","SITKA AIRPORT, AK US","2018-07-19",,,"0.14",,,,"60","53",
"USW00025333","SITKA AIRPORT, AK US","2018-07-20",,,"0.00",,,,"61","56",
"USW00025333","SITKA AIRPORT, AK US","2018-07-21",,,"0.00",,,,"65","55",
"USW00025333","SITKA AIRPORT, AK US","2018-07-22",,,"0.00",,,,"65","54",
"USW00025333","SITKA AIRPORT, AK US","2018-07-23",,,"0.00",,,,"63","54",
"USW00025333","SITKA AIRPORT, AK US","2018-07-24",,,"0.00",,,,"59","52",
"USW00025333","SITKA AIRPORT, AK US","2018-07-25",,,"0.00",,,,"64","52",
"USW00025333","SITKA AIRPORT, AK US","2018-07-26",,,"0.00",,,,"65","58",
"USW00025333","SITKA AIRPORT, AK US","2018-07-27",,,"0.00",,,,"68","58",
"USW00025333","SITKA AIRPORT, AK US","2018-07-28",,,"0.00",,,,"66","56",
"USW00025333","SITKA AIRPORT, AK US","2018-07-29",,,"0.00",,,,"64","56",
"USW00025333","SITKA AIRPORT, AK US","2018-07-30",,,"0.00",,,,"67","58",
"USW00025333","SITKA AIRPORT, AK US","2018-07-31",,,"0.00",,,,"65","56",
"USW00025333","SITKA AIRPORT, AK US","2018-08-01",,,"0.00",,,,"66","56",
"USW00025333","SITKA AIRPORT, AK US","2018-08-02",,,"0.17",,,,"59","56",
"USW00025333","SITKA AIRPORT, AK US","2018-08-03",,,"0.01",,,,"67","55",
"USW00025333","SITKA AIRPORT, AK US","2018-08-04",,,"0.00",,,,"73","55",
"USW00025333","SITKA AIRPORT, AK US","2018-08-05",,,"0.00",,,,"72","54",
"USW00025333","SITKA AIRPORT, AK US","2018-08-06",,,"0.00",,,,"64","56",
"USW00025333","SITKA AIRPORT, AK US","2018-08-07",,,"0.07",,,,"62","55",
"USW00025333","SITKA AIRPORT, AK US","2018-08-08",,,"2.62",,,,"61","57",
"USW00025333","SITKA AIRPORT, AK US","2018-08-09",,,"0.65",,,,"61","55",
"USW00025333","SITKA AIRPORT, AK US","2018-08-10",,,"0.01",,,,"63","53",
"USW00025333","SITKA AIRPORT, AK US","2018-08-11",,,"0.00",,,,"65","51",
"USW00025333","SITKA AIRPORT, AK US","2018-08-12",,,"0.05",,,,"62","56",
"USW00025333","SITKA AIRPORT, AK US","2018-08-13",,,"1.29",,,,"59","56",
"USW00025333","SITKA AIRPORT, AK US","2018-08-14",,,"0.09",,,,"61","55",
"USW00025333","SITKA AIRPORT, AK US","2018-08-15",,,"0.00",,,,"60","52",
"USW00025333","SITKA AIRPORT, AK US","2018-08-16",,,"0.00",,,,"63","53",
"USW00025333","SITKA AIRPORT, AK US","2018-08-17",,,"0.20",,,,"66","52",
"USW00025333","SITKA AIRPORT, AK US","2018-08-18",,,"0.00",,,,"63","51",
"USW00025333","SITKA AIRPORT, AK US","2018-08-19",,,"0.00",,,,"67","51",
"USW00025333","SITKA AIRPORT, AK US","2018-08-20",,,"0.00",,,,"65","52",
"USW00025333","SITKA AIRPORT, AK US","2018-08-21",,,"0.25",,,,"63","55",
"USW00025333","SITKA AIRPORT, AK US","2018-08-22",,,"0.46",,,,"59","55",
"USW00025333","SITKA AIRPORT, AK US","2018-08-23",,,"0.02",,,,"60","55",
"USW00025333","SITKA AIRPORT, AK US","2018-08-24",,,"0.39",,,,"58","54",
"USW00025333","SITKA AIRPORT, AK US","2018-08-25",,,"0.32",,,,"58","54",
"USW00025333","SITKA AIRPORT, AK US","2018-08-26",,,"0.00",,,,"63","51",
"USW00025333","SITKA AIRPORT, AK US","2018-08-27",,,"0.63",,,,"59","55",
"USW00025333","SITKA AIRPORT, AK US","2018-08-28",,,"1.33",,,,"61","56",
"USW00025333","SITKA AIRPORT, AK US","2018-08-29",,,"0.00",,,,"62","53",
"USW00025333","SITKA AIRPORT, AK US","2018-08-30",,,"0.21",,,,"61","53",
"USW00025333","SITKA AIRPORT, AK US","2018-08-31",,,"0.23",,,,"61","54",
"USW00025333","SITKA AIRPORT, AK US","2018-09-01",,,"0.39",,,,"57","52",
"USW00025333","SITKA AIRPORT, AK US","2018-09-02",,,"0.00",,,,"63","49",
"USW00025333","SITKA AIRPORT, AK US","2018-09-03",,,"0.00",,,,"62","48",
"USW00025333","SITKA AIRPORT, AK US","2018-09-04",,,"0.00",,,,"65","48",
"USW00025333","SITKA AIRPORT, AK US","2018-09-05",,,"0.00",,,,"67","50",
"USW00025333","SITKA AIRPORT, AK US","2018-09-06",,,"0.00",,,,"64","50",
"USW00025333","SITKA AIRPORT, AK US","2018-09-07",,,"0.14",,,,"65","52",
"USW00025333","SITKA AIRPORT, AK US","2018-09-08",,,"0.01",,,,"68","55",
"USW00025333","SITKA AIRPORT, AK US","2018-09-09",,,"0.01",,,,"66","54",
"USW00025333","SITKA AIRPORT, AK US","2018-09-10",,,"0.00",,,,"71","51",
"USW00025333","SITKA AIRPORT, AK US","2018-09-11",,,"0.00",,,,"69","50",
"USW00025333","SITKA AIRPORT, AK US","2018-09-12",,,"0.00",,,,"67","47",
"USW00025333","SITKA AIRPORT, AK US","2018-09-13",,,"0.00",,,,"61","49",
"USW00025333","SITKA AIRPORT, AK US","2018-09-14",,,"0.00",,,,"65","46",
"USW00025333","SITKA AIRPORT, AK US","2018-09-15",,,"0.00",,,,"62","45",
"USW00025333","SITKA AIRPORT, AK US","2018-09-16",,,"0.00",,,,"59","41",
"USW00025333","SITKA AIRPORT, AK US","2018-09-17",,,"0.00",,,,"60","41",
"USW00025333","SITKA AIRPORT, AK US","2018-09-18",,,"0.00",,,,"64","44",
"USW00025333","SITKA AIRPORT, AK US","2018-09-19",,,"0.00",,,,"63","42",
"USW00025333","SITKA AIRPORT, AK US","2018-09-20",,,"0.00",,,,"58","43",
"USW00025333","SITKA AIRPORT, AK US","2018-09-21",,,"0.00",,,,"64","43",
"USW00025333","SITKA AIRPORT, AK US","2018-09-22",,,"0.12",,,,"56","43",
"USW00025333","SITKA AIRPORT, AK US","2018-09-23",,,"0.79",,,,"56","50",
"USW00025333","SITKA AIRPORT, AK US","2018-09-24",,,"0.22",,,,"56","50",
"USW00025333","SITKA AIRPORT, AK US","2018-09-25",,,"1.52",,,,"57","54",
"USW00025333","SITKA AIRPORT, AK US","2018-09-26",,,"0.31",,,,"57","53",
"USW00025333","SITKA AIRPORT, AK US","2018-09-27",,,"0.03",,,,"57","53",
"USW00025333","SITKA AIRPORT, AK US","2018-09-28",,,"0.01",,,,"61","50",
"USW00025333","SITKA AIRPORT, AK US","2018-09-29",,,"0.00",,,,"64","45",
"USW00025333","SITKA AIRPORT, AK US","2018-09-30",,,"0.00",,,,"63","43",
"USW00025333","SITKA AIRPORT, AK US","2018-10-01",,,"0.00",,,,"66","41",
"USW00025333","SITKA AIRPORT, AK US","2018-10-02",,,"0.00",,,,"56","40",
"USW00025333","SITKA AIRPORT, AK US","2018-10-03",,,"0.00",,,,"54","38",
"USW00025333","SITKA AIRPORT, AK US","2018-10-04",,,"0.01",,,,"54","38",
"USW00025333","SITKA AIRPORT, AK US","2018-10-05",,,"0.78",,,,"57","49",
"USW00025333","SITKA AIRPORT, AK US","2018-10-06",,,"0.08",,,,"52","48",
"USW00025333","SITKA AIRPORT, AK US","2018-10-07",,,"0.25",,,,"53","49",
"USW00025333","SITKA AIRPORT, AK US","2018-10-08",,,"0.23",,,,"56","42",
"USW00025333","SITKA AIRPORT, AK US","2018-10-09",,,"0.00",,,,"54","40",
"USW00025333","SITKA AIRPORT, AK US","2018-10-10",,,"1.51",,,,"53","45",
"USW00025333","SITKA AIRPORT, AK US","2018-10-11",,,"0.40",,,,"52","46",
"USW00025333","SITKA AIRPORT, AK US","2018-10-12",,,"0.02",,,,"54","43",
"USW00025333","SITKA AIRPORT, AK US","2018-10-13",,,"0.40",,,,"56","47",
"USW00025333","SITKA AIRPORT, AK US","2018-10-14",,,"0.38",,,,"57","54",
"USW00025333","SITKA AIRPORT, AK US","2018-10-15",,,"0.02",,,,"60","53",
"USW00025333","SITKA AIRPORT, AK US","2018-10-16",,,"1.50",,,,"59","51",
"USW00025333","SITKA AIRPORT, AK US","2018-10-17",,,"0.16",,,,"55","49",
"USW00025333","SITKA AIRPORT, AK US","2018-10-18",,,"0.08",,,,"55","48",
"USW00025333","SITKA AIRPORT, AK US","2018-10-19",,,"0.87",,,,"56","49",
"USW00025333","SITKA AIRPORT, AK US","2018-10-20",,,"0.20",,,,"54","48",
"USW00025333","SITKA AIRPORT, AK US","2018-10-21",,,"0.08",,,,"56","50",
"USW00025333","SITKA AIRPORT, AK US","2018-10-22",,,"0.93",,,,"61","48",
"USW00025333","SITKA AIRPORT, AK US","2018-10-23",,,"0.25",,,,"61","51",
"USW00025333","SITKA AIRPORT, AK US","2018-10-24",,,"0.00",,,,"55","50",
"USW00025333","SITKA AIRPORT, AK US","2018-10-25",,,"0.49",,,,"55","48",
"USW00025333","SITKA AIRPORT, AK US","2018-10-26",,,"0.60",,,,"51","44",
"USW00025333","SITKA AIRPORT, AK US","2018-10-27",,,"0.01",,,,"54","46",
"USW00025333","SITKA AIRPORT, AK US","2018-10-28",,,"0.00",,,,"54","45",
"USW00025333","SITKA AIRPORT, AK US","2018-10-29",,,"0.24",,,,"55","46",
"USW00025333","SITKA AIRPORT, AK US","2018-10-30",,,"0.23",,,,"51","41",
"USW00025333","SITKA AIRPORT, AK US","2018-10-31",,,"0.03",,,,"47","39",
"USW00025333","SITKA AIRPORT, AK US","2018-11-01",,,"0.06",,,,"49","43",
"USW00025333","SITKA AIRPORT, AK US","2018-11-02",,,"0.30",,,,"45","40",
"USW00025333","SITKA AIRPORT, AK US","2018-11-03",,,"0.35",,,,"50","44",
"USW00025333","SITKA AIRPORT, AK US","2018-11-04",,,"0.30",,,,"48","44",
"USW00025333","SITKA AIRPORT, AK US","2018-11-05",,,"0.01",,,,"47","35",
"USW00025333","SITKA AIRPORT, AK US","2018-11-06",,,"0.00",,,,"46","32",
"USW00025333","SITKA AIRPORT, AK US","2018-11-07",,,"0.04",,,,"50","33",
"USW00025333","SITKA AIRPORT, AK US","2018-11-08",,,"0.49",,,,"51","45",
"USW00025333","SITKA AIRPORT, AK US","2018-11-09",,,"0.25",,,,"50","43",
"USW00025333","SITKA AIRPORT, AK US","2018-11-10",,,"0.23",,,,"47","43",
"USW00025333","SITKA AIRPORT, AK US","2018-11-11",,,"0.13",,,,"50","45",
"USW00025333","SITKA AIRPORT, AK US","2018-11-12",,,"0.08",,,,"54","49",
"USW00025333","SITKA AIRPORT, AK US","2018-11-13",,,"0.56",,,,"53","46",
"USW00025333","SITKA AIRPORT, AK US","2018-11-14",,,"0.92",,,,"49","45",
"USW00025333","SITKA AIRPORT, AK US","2018-11-15",,,"0.14",,,,"48","37",
"USW00025333","SITKA AIRPORT, AK US","2018-11-16",,,"0.52",,,,"48","36",
"USW00025333","SITKA AIRPORT, AK US","2018-11-17",,,"1.65",,,,"54","47",
"USW00025333","SITKA AIRPORT, AK US","2018-11-18",,,"0.88",,,,"52","47",
"USW00025333","SITKA AIRPORT, AK US","2018-11-19",,,"0.02",,,,"52","45",
"USW00025333","SITKA AIRPORT, AK US","2018-11-20",,,"0.43",,,,"51","43",
"USW00025333","SITKA AIRPORT, AK US","2018-11-21",,,"0.06",,,,"46","38",
"USW00025333","SITKA AIRPORT, AK US","2018-11-22",,,"0.18",,,,"47","39",
"USW00025333","SITKA AIRPORT, AK US","2018-11-23",,,"0.00",,,,"44","34",
"USW00025333","SITKA AIRPORT, AK US","2018-11-24",,,"0.04",,,,"48","36",
"USW00025333","SITKA AIRPORT, AK US","2018-11-25",,,"0.04",,,,"54","48",
"USW00025333","SITKA AIRPORT, AK US","2018-11-26",,,"0.73",,,,"53","46",
"USW00025333","SITKA AIRPORT, AK US","2018-11-27",,,"0.00",,,,"47","41",
"USW00025333","SITKA AIRPORT, AK US","2018-11-28",,,"0.28",,,,"45","40",
"USW00025333","SITKA AIRPORT, AK US","2018-11-29",,,"0.13",,,,"43","34",
"USW00025333","SITKA AIRPORT, AK US","2018-11-30",,,"0.03",,,,"39","31",
"USW00025333","SITKA AIRPORT, AK US","2018-12-01",,,"0.00",,,,"36","28",
"USW00025333","SITKA AIRPORT, AK US","2018-12-02",,,"0.02",,,,"39","32",
"USW00025333","SITKA AIRPORT, AK US","2018-12-03",,,"0.02",,,,"39","32",
"USW00025333","SITKA AIRPORT, AK US","2018-12-04",,,"0.02",,,,"41","35",
"USW00025333","SITKA AIRPORT, AK US","2018-12-05",,,"0.00",,,,"41","35",
"USW00025333","SITKA AIRPORT, AK US","2018-12-06",,,"0.01",,,,"44","39",
"USW00025333","SITKA AIRPORT, AK US","2018-12-07",,,"0.04",,,,"48","40",
"USW00025333","SITKA AIRPORT, AK US","2018-12-08",,,"0.06",,,,"52","45",
"USW00025333","SITKA AIRPORT, AK US","2018-12-09",,,"0.42",,,,"50","41",
"USW00025333","SITKA AIRPORT, AK US","2018-12-10",,,"1.30",,,,"45","42",
"USW00025333","SITKA AIRPORT, AK US","2018-12-11",,,"0.92",,,,"46","38",
"USW00025333","SITKA AIRPORT, AK US","2018-12-12",,,"0.05",,,,"43","37",
"USW00025333","SITKA AIRPORT, AK US","2018-12-13",,,"0.52",,,,"44","34",
"USW00025333","SITKA AIRPORT, AK US","2018-12-14",,,"0.09",,,,"38","28",
"USW00025333","SITKA AIRPORT, AK US","2018-12-15",,,"0.00",,,,"46","31",
"USW00025333","SITKA AIRPORT, AK US","2018-12-16",,,"0.31",,,,"49","43",
"USW00025333","SITKA AIRPORT, AK US","2018-12-17",,,"0.35",,,,"48","43",
"USW00025333","SITKA AIRPORT, AK US","2018-12-18",,,"0.62",,,,"48","41",
"USW00025333","SITKA AIRPORT, AK US","2018-12-19",,,"0.28",,,,"43","35",
"USW00025333","SITKA AIRPORT, AK US","2018-12-20",,,"0.42",,,,"39","31",
"USW00025333","SITKA AIRPORT, AK US","2018-12-21",,,"0.00",,,,"41","32",
"USW00025333","SITKA AIRPORT, AK US","2018-12-22",,,"0.00",,,,"44","36",
"USW00025333","SITKA AIRPORT, AK US","2018-12-23",,,"0.08",,,,"43","36",
"USW00025333","SITKA AIRPORT, AK US","2018-12-24",,,"0.61",,,,"41","37",
"USW00025333","SITKA AIRPORT, AK US","2018-12-25",,,"0.00",,,,"44","35",
"USW00025333","SITKA AIRPORT, AK US","2018-12-26",,,"0.21",,,,"46","42",
"USW00025333","SITKA AIRPORT, AK US","2018-12-27",,,"0.26",,,,"47","42",
"USW00025333","SITKA AIRPORT, AK US","2018-12-28",,,"0.03",,,,"44","35",
"USW00025333","SITKA AIRPORT, AK US","2018-12-29",,,"0.13",,,,"38","32",
"USW00025333","SITKA AIRPORT, AK US","2018-12-30",,,"0.20",,,,"42","36",
"USW00025333","SITKA AIRPORT, AK US","2018-12-31",,,"0.89",,,,"48","41",
"USC00505519","LITTLE PORT WALTER, AK US","2018-07-01",,,"0.20","0.0","0.0",,"61","48","54"
"USC00505519","LITTLE PORT WALTER, AK US","2018-07-02",,,"0.04","0.0","0.0",,"62","48","56"
"USC00505519","LITTLE PORT WALTER, AK US","2018-07-03",,,"0.00","0.0","0.0",,"68","49","66"
"USC00505519","LITTLE PORT WALTER, AK US","2018-07-04",,,"0.00","0.0","0.0",,"70","53","69"
"USC00505519","LITTLE PORT WALTER, AK US","2018-07-05",,,"0.00","0.0","0.0",,"75","52","60"
"USC00505519","LITTLE PORT WALTER, AK US","2018-07-06",,,"0.00","0.0","0.0",,"71","51","56"
"USC00505519","LITTLE PORT WALTER, AK US","2018-07-07",,,"0.00","0.0","0.0",,"71","51","54"
"USC00505519","LITTLE PORT WALTER, AK US","2018-07-08",,,"0.00","0.0","0.0",,"58","52","53"
"USC00505519","LITTLE PORT WALTER, AK US","2018-07-09",,,"0.00","0.0","0.0",,"60","47","53"
"USC00505519","LITTLE PORT WALTER, AK US","2018-07-10",,,"0.33","0.0","0.0",,"64","53","55"
"USC00505519","LITTLE PORT WALTER, AK US","2018-07-11",,,"0.23","0.0","0.0",,"57",,"52"
"USC00505519","LITTLE PORT WALTER, AK US","2018-07-12",,,"0.04","0.0","0.0",,"56","50","52"
"USC00505519","LITTLE PORT WALTER, AK US","2018-07-13",,,"0.01","0.0","0.0",,"61","45","54"
"USC00505519","LITTLE PORT WALTER, AK US","2018-07-14",,,"0.00","0.0","0.0",,"69","48","58"
"USC00505519","LITTLE PORT WALTER, AK US","2018-07-15",,,"0.00","0.0","0.0",,"61","46","53"
"USC00505519","LITTLE PORT WALTER, AK US","2018-07-16",,,"0.53","0.0","0.0",,"54","50","54"
"USC00505519","LITTLE PORT WALTER, AK US","2018-07-17",,,"0.18","0.0","0.0",,"60","47","53"
"USC00505519","LITTLE PORT WALTER, AK US","2018-07-18",,,"0.00","0.0","0.0",,"61","51","57"
"USC00505519","LITTLE PORT WALTER, AK US","2018-07-19",,,"0.01","0.0","0.0",,"60","47","53"
"USC00505519","LITTLE PORT WALTER, AK US","2018-07-20",,,"0.00","0.0","0.0",,"64","49","58"
"USC00505519","LITTLE PORT WALTER, AK US","2018-07-21",,,"0.00","0.0","0.0",,"71","49","58"
"USC00505519","LITTLE PORT WALTER, AK US","2018-07-22",,,"0.00","0.0","0.0",,"70","51","59"
"USC00505519","LITTLE PORT WALTER, AK US","2018-07-23",,,"0.00","0.0","0.0",,"68","50","53"
"USC00505519","LITTLE PORT WALTER, AK US","2018-07-24",,,"0.00","0.0","0.0",,"63","43","52"
"USC00505519","LITTLE PORT WALTER, AK US","2018-07-25",,,"0.00","0.0","0.0",,"62","48","52"
"USC00505519","LITTLE PORT WALTER, AK US","2018-07-26",,,"0.00","0.0","0.0",,"66","50","61"
"USC00505519","LITTLE PORT WALTER, AK US","2018-07-27",,,"0.00","0.0","0.0",,"69","54","63"
"USC00505519","LITTLE PORT WALTER, AK US","2018-07-28",,,"0.00","0.0","0.0",,"70","53","60"
"USC00505519","LITTLE PORT WALTER, AK US","2018-07-29",,,"0.00","0.0","0.0",,"69","52","62"
"USC00505519","LITTLE PORT WALTER, AK US","2018-07-30",,,"0.00","0.0","0.0",,"70","54","64"
"USC00505519","LITTLE PORT WALTER, AK US","2018-07-31",,,"0.00","0.0","0.0",,"72","53","62"
"USC00505519","LITTLE PORT WALTER, AK US","2018-08-01",,,"0.00","0.0","0.0",,"68","53","60"
"USC00505519","LITTLE PORT WALTER, AK US","2018-08-02",,,"0.00","0.0","0.0",,"68","54","63"
"USC00505519","LITTLE PORT WALTER, AK US","2018-08-03",,,"2.03","0.0","0.0",,"66","54","56"
"USC00505519","LITTLE PORT WALTER, AK US","2018-08-04",,,"2.90","0.0","0.0",,"57","55","57"
"USC00505519","LITTLE PORT WALTER, AK US","2018-08-05",,,"0.00","0.0","0.0",,"70","52","63"
"USC00505519","LITTLE PORT WALTER, AK US","2018-08-06",,,"0.00","0.0","0.0",,"71","54","66"
"USC00505519","LITTLE PORT WALTER, AK US","2018-08-07",,,"0.00","0.0","0.0",,"66","56","58"
"USC00505519","LITTLE PORT WALTER, AK US","2018-08-08",,,"0.60","0.0","0.0",,"59","55","57"
"USC00505519","LITTLE PORT WALTER, AK US","2018-08-09",,,"2.40","0.0","0.0",,"64","55","56"
"USC00505519","LITTLE PORT WALTER, AK US","2018-08-10",,,"0.11","0.0","0.0",,"60","52","60"
"USC00505519","LITTLE PORT WALTER, AK US","2018-08-11",,,"0.00","0.0","0.0",,,,
"USC00505519","LITTLE PORT WALTER, AK US","2018-08-12",,,"0.00","0.0","0.0",,"61","48","60"
"USC00505519","LITTLE PORT WALTER, AK US","2018-08-13",,,"0.00","0.0","0.0",,"70","54","60"
"USC00505519","LITTLE PORT WALTER, AK US","2018-08-14",,,"0.90","0.0","0.0",,"60","53","57"
"USC00505519","LITTLE PORT WALTER, AK US","2018-08-15",,,"0.00","0.0","0.0",,"64","51","56"
"USC00505519","LITTLE PORT WALTER, AK US","2018-08-16",,,"0.00","0.0","0.0",,"59","48","55"
"USC00505519","LITTLE PORT WALTER, AK US","2018-08-17",,,"0.24","0.0","0.0",,"60","49","55"
"USC00505519","LITTLE PORT WALTER, AK US","2018-08-18",,,"0.00","0.0","0.0",,"59","46","49"
"USC00505519","LITTLE PORT WALTER, AK US","2018-08-19",,,"0.00","0.0","0.0",,"59","46","57"
"USC00505519","LITTLE PORT WALTER, AK US","2018-08-20",,,"0.00","0.0","0.0",,"64","48","54"
"USC00505519","LITTLE PORT WALTER, AK US","2018-08-21",,,"0.00","0.0","0.0",,"65","48","60"
"USC00505519","LITTLE PORT WALTER, AK US","2018-08-22",,,"0.13","0.0","0.0",,"62","51","58"
"USC00505519","LITTLE PORT WALTER, AK US","2018-08-23",,,"0.00","0.0","0.0",,"67","49","61"
"USC00505519","LITTLE PORT WALTER, AK US","2018-08-24",,,"0.03","0.0","0.0",,"61","53","53"
"USC00505519","LITTLE PORT WALTER, AK US","2018-08-25",,,"0.26","0.0","0.0",,"57","53","57"
"USC00505519","LITTLE PORT WALTER, AK US","2018-08-26",,,"0.01","0.0","0.0",,"58","48","55"
"USC00505519","LITTLE PORT WALTER, AK US","2018-08-27",,,"0.00","0.0","0.0",,"59","50","58"
"USC00505519","LITTLE PORT WALTER, AK US","2018-08-28",,,"0.27","0.0","0.0",,"68","55","56"
"USC00505519","LITTLE PORT WALTER, AK US","2018-08-29",,,"0.26","0.0","0.0",,"59","51","53"
"USC00505519","LITTLE PORT WALTER, AK US","2018-08-30",,,"0.00","0.0","0.0",,"63","49","56"
"USC00505519","LITTLE PORT WALTER, AK US","2018-08-31",,,"0.12","0.0","0.0",,"60","51","55"
"USC00505519","LITTLE PORT WALTER, AK US","2018-09-01",,,"0.50","0.0","0.0",,"59","50","50"
"USC00505519","LITTLE PORT WALTER, AK US","2018-09-02",,,"0.73","0.0","0.0",,"57","47","54"
"USC00505519","LITTLE PORT WALTER, AK US","2018-09-03",,,"0.01","0.0","0.0",,"59","45","54"
"USC00505519","LITTLE PORT WALTER, AK US","2018-09-04",,,"0.00","0.0","0.0",,"58","46","51"
"USC00505519","LITTLE PORT WALTER, AK US","2018-09-05",,,"0.09","0.0","0.0",,"61","50","51"
"USC00505519","LITTLE PORT WALTER, AK US","2018-09-06",,,"0.10","0.0","0.0",,"56","51","54"
"USC00505519","LITTLE PORT WALTER, AK US","2018-09-07",,,"0.59","0.0","0.0",,"62","50","51"
"USC00505519","LITTLE PORT WALTER, AK US","2018-09-08",,,"0.32","0.0","0.0",,"54","51","54"
"USC00505519","LITTLE PORT WALTER, AK US","2018-09-09",,,"0.04","0.0","0.0",,"57","53","55"
"USC00505519","LITTLE PORT WALTER, AK US","2018-09-10",,,"0.21","0.0","0.0",,"57","50","56"
"USC00505519","LITTLE PORT WALTER, AK US","2018-09-11",,,"0.00","0.0","0.0",,"65","46","53"
"USC00505519","LITTLE PORT WALTER, AK US","2018-09-12",,,"0.00","0.0","0.0",,"65","44","57"
"USC00505519","LITTLE PORT WALTER, AK US","2018-09-13",,,"0.00","0.0","0.0",,"65","44","53"
"USC00505519","LITTLE PORT WALTER, AK US","2018-09-14",,,"0.00","0.0","0.0",,"55","43","53"
"USC00505519","LITTLE PORT WALTER, AK US","2018-09-15",,,"0.00","0.0","0.0",,"59","48","58"
"USC00505519","LITTLE PORT WALTER, AK US","2018-09-16",,,"0.00","0.0","0.0",,"59","38","54"
"USC00505519","LITTLE PORT WALTER, AK US","2018-09-17",,,"0.00","0.0","0.0",,"55","37","49"
"USC00505519","LITTLE PORT WALTER, AK US","2018-09-18",,,"0.00","0.0","0.0",,"53","40","51"
"USC00505519","LITTLE PORT WALTER, AK US","2018-09-19",,,"0.00","0.0","0.0",,"58","40","45"
"USC00505519","LITTLE PORT WALTER, AK US","2018-09-20",,,"0.00","0.0","0.0",,"57","38","49"
"USC00505519","LITTLE PORT WALTER, AK US","2018-09-21",,,"0.00","0.0","0.0",,"57","39","52"
"USC00505519","LITTLE PORT WALTER, AK US","2018-09-22",,,"0.00","0.0","0.0",,"61","39","52"
"USC00505519","LITTLE PORT WALTER, AK US","2018-09-23",,,"0.56","0.0","0.0",,"57","49","57"
"USC00505519","LITTLE PORT WALTER, AK US","2018-09-24",,,"0.19","0.0","0.0",,"57","45","49"
"USC00505519","LITTLE PORT WALTER, AK US","2018-09-25",,,"0.72","0.0","0.0",,"56","49","55"
"USC00505519","LITTLE PORT WALTER, AK US","2018-09-26",,,"1.86","0.0","0.0",,"56","50","52"
"USC00505519","LITTLE PORT WALTER, AK US","2018-09-27",,,"0.04","0.0","0.0",,"54","49","52"
"USC00505519","LITTLE PORT WALTER, AK US","2018-09-28",,,"0.02","0.0","0.0",,"53","47","52"
"USC00505519","LITTLE PORT WALTER, AK US","2018-09-29",,,"0.00","0.0","0.0",,"56","44","56"
"USC00505519","LITTLE PORT WALTER, AK US","2018-09-30",,,"0.00","0.0","0.0",,"59","45","57"
"USC00505519","LITTLE PORT WALTER, AK US","2018-10-01",,,"0.00","0.0","0.0",,"59","40","57"
"USC00505519","LITTLE PORT WALTER, AK US","2018-10-02",,,"0.00","0.0","0.0",,"60","44","47"
"USC00505519","LITTLE PORT WALTER, AK US","2018-10-03",,,"0.00","0.0","0.0",,"51","36","45"
"USC00505519","LITTLE PORT WALTER, AK US","2018-10-04",,,"0.00","0.0","0.0",,"46","33","42"
"USC00505519","LITTLE PORT WALTER, AK US","2018-10-05",,,"1.28","0.0","0.0",,"47","42","46"
"USC00505519","LITTLE PORT WALTER, AK US","2018-10-06",,,"0.41","0.0","0.0",,"51","42","46"
"USC00505519","LITTLE PORT WALTER, AK US","2018-10-07",,,"0.24","0.0","0.0",,"47","46","47"
"USC00505519","LITTLE PORT WALTER, AK US","2018-10-08",,,"0.66","0.0","0.0",,"56","46","54"
"USC00505519","LITTLE PORT WALTER, AK US","2018-10-09",,,"0.00","0.0","0.0",,"58","38","46"
"USC00505519","LITTLE PORT WALTER, AK US","2018-10-10",,,"0.00","0.0","0.0",,"49","40","45"
"USC00505519","LITTLE PORT WALTER, AK US","2018-10-11",,,"1.24","0.0","0.0",,"47","43","47"
"USC00505519","LITTLE PORT WALTER, AK US","2018-10-12",,,"0.07","0.0","0.0",,"57","43","56"
"USC00505519","LITTLE PORT WALTER, AK US","2018-10-13",,,"0.08","0.0","0.0",,"58","44","49"
"USC00505519","LITTLE PORT WALTER, AK US","2018-10-14",,,"0.95","0.0","0.0",,"53","49","53"
"USC00505519","LITTLE PORT WALTER, AK US","2018-10-15",,,"1.43","0.0","0.0",,"54","50","50"
"USC00505519","LITTLE PORT WALTER, AK US","2018-10-16",,,"0.00","0.0","0.0",,,,"52"
"USC00505519","LITTLE PORT WALTER, AK US","2018-10-17",,,"1.20","0.0","0.0",,,"32","48"
"USC00505519","LITTLE PORT WALTER, AK US","2018-10-18",,,"0.04","0.0","0.0",,"56","42","45"
"USC00505519","LITTLE PORT WALTER, AK US","2018-10-19",,,"7.75","0.0","0.0",,"53","44","49"
"USC00505519","LITTLE PORT WALTER, AK US","2018-10-20",,,"0.88","0.0","0.0",,"56","46","47"
"USC00505519","LITTLE PORT WALTER, AK US","2018-10-21",,,"0.91","0.0","0.0",,"55","47","48"
"USC00505519","LITTLE PORT WALTER, AK US","2018-10-22",,,"3.60","0.0","0.0",,"50","44","47"
"USC00505519","LITTLE PORT WALTER, AK US","2018-10-23",,,"3.50","0.0","0.0",,"56","47","51"
"USC00505519","LITTLE PORT WALTER, AK US","2018-10-24",,,"0.21","0.0","0.0",,"53","47","47"
"USC00505519","LITTLE PORT WALTER, AK US","2018-10-25",,,"1.52","0.0","0.0",,"53","46","49"
"USC00505519","LITTLE PORT WALTER, AK US","2018-10-26",,,"1.46","0.0","0.0",,"51","44","45"
"USC00505519","LITTLE PORT WALTER, AK US","2018-10-27",,,"0.36","0.0","0.0",,"47","42","46"
"USC00505519","LITTLE PORT WALTER, AK US","2018-10-28",,,"0.25","0.0","0.0",,"51","42","50"
"USC00505519","LITTLE PORT WALTER, AK US","2018-10-29",,,"0.32","0.0","0.0",,"50","44","45"
"USC00505519","LITTLE PORT WALTER, AK US","2018-10-30",,,"0.78","0.0","0.0",,"49","42","45"
"USC00505519","LITTLE PORT WALTER, AK US","2018-10-31",,,"0.02","0.0","0.0",,"46","36","36"
"USC00505519","LITTLE PORT WALTER, AK US","2018-11-01",,,"0.63","0.0","0.0",,"47","36","38"
"USC00505519","LITTLE PORT WALTER, AK US","2018-11-02",,,"0.54","0.0","0.0",,"40","37","40"
"USC00505519","LITTLE PORT WALTER, AK US","2018-11-03",,,"0.84","0.0","0.0",,"41","37","41"
"USC00505519","LITTLE PORT WALTER, AK US","2018-11-04",,,"0.95","0.0","0.0",,"41","31","41"
"USC00505519","LITTLE PORT WALTER, AK US","2018-11-05",,,"0.11","0.0","0.0",,"42","38","40"
"USC00505519","LITTLE PORT WALTER, AK US","2018-11-06",,,"0.00","0.0","0.0",,"43","33","39"
"USC00505519","LITTLE PORT WALTER, AK US","2018-11-07",,,"0.23","0.0","0.0",,"39","32","37"
"USC00505519","LITTLE PORT WALTER, AK US","2018-11-08",,,"1.86","0.0","0.0",,"42","37","42"
"USC00505519","LITTLE PORT WALTER, AK US","2018-11-09",,,"1.18","0.0","0.0",,"48","38","46"
"USC00505519","LITTLE PORT WALTER, AK US","2018-11-10",,,"0.06","0.0","0.0",,"47","37","44"
"USC00505519","LITTLE PORT WALTER, AK US","2018-11-11",,,"1.90","0.0","0.0",,"45","43","44"
"USC00505519","LITTLE PORT WALTER, AK US","2018-11-12",,,"0.62","0.0","0.0",,"45","43","44"
"USC00505519","LITTLE PORT WALTER, AK US","2018-11-13",,,"3.20","0.0","0.0",,"49","43","47"
"USC00505519","LITTLE PORT WALTER, AK US","2018-11-14",,,"0.64","0.0","0.0",,"48","43","43"
"USC00505519","LITTLE PORT WALTER, AK US","2018-11-15",,,"1.24","0.0","0.0",,"44","40","43"
"USC00505519","LITTLE PORT WALTER, AK US","2018-11-16",,,"0.02","0.0","0.0",,"44","40","41"
"USC00505519","LITTLE PORT WALTER, AK US","2018-11-17",,,"1.34","0.0","0.0",,"46","39","44"
"USC00505519","LITTLE PORT WALTER, AK US","2018-11-18",,,"2.32","0.0","0.0",,"52","39","50"
"USC00505519","LITTLE PORT WALTER, AK US","2018-11-19",,,"0.39","0.0","0.0",,"51","44","45"
"USC00505519","LITTLE PORT WALTER, AK US","2018-11-20",,,"3.39","0.0","0.0",,"50","44","44"
"USC00505519","LITTLE PORT WALTER, AK US","2018-11-21",,,"0.60","0.0","0.0",,"48","39","39"
"USC00505519","LITTLE PORT WALTER, AK US","2018-11-22",,,"1.12","0.0","0.0",,"43","39","41"
"USC00505519","LITTLE PORT WALTER, AK US","2018-11-23",,,"1.25","0.0","0.0",,"41","37","37"
"USC00505519","LITTLE PORT WALTER, AK US","2018-11-24",,,"0.02","0.0","0.0",,"43","34","41"
"USC00505519","LITTLE PORT WALTER, AK US","2018-11-25",,,"0.84","0.0","0.0",,"47","40","47"
"USC00505519","LITTLE PORT WALTER, AK US","2018-11-26",,,"1.57","0.0","0.0",,"50","40","50"
"USC00505519","LITTLE PORT WALTER, AK US","2018-11-27",,,"0.65","0.0","0.0",,"50","45","45"
"USC00505519","LITTLE PORT WALTER, AK US","2018-11-28",,,"0.04","0.0","0.0",,"45","41","42"
"USC00505519","LITTLE PORT WALTER, AK US","2018-11-29",,,"0.27","0.0","0.0",,"45","36","36"
"USC00505519","LITTLE PORT WALTER, AK US","2018-11-30",,,"0.03","0.0","0.0",,"41","32","32"
"USC00505519","LITTLE PORT WALTER, AK US","2018-12-01",,,"0.00","0.0","0.0",,"38","31","37"
"USC00505519","LITTLE PORT WALTER, AK US","2018-12-02",,,"0.01","0.0","0.0",,"38","29","35"
"USC00505519","LITTLE PORT WALTER, AK US","2018-12-03",,,"0.00","0.0","0.0",,"37","35","35"
"USC00505519","LITTLE PORT WALTER, AK US","2018-12-04",,,"0.00","0.0","0.0",,"38","35","38"
"USC00505519","LITTLE PORT WALTER, AK US","2018-12-05",,,"0.00","0.0","0.0",,"39","38","39"
"USC00505519","LITTLE PORT WALTER, AK US","2018-12-06",,,"0.10","0.0","0.0",,"40","36","39"
"USC00505519","LITTLE PORT WALTER, AK US","2018-12-07",,,"0.00","0.0","0.0",,"44","36","43"
"USC00505519","LITTLE PORT WALTER, AK US","2018-12-08",,,"1.70","0.0","0.0",,"48","39","47"
"USC00505519","LITTLE PORT WALTER, AK US","2018-12-09",,,"1.31","0.0","0.0",,"48","41","42"
"USC00505519","LITTLE PORT WALTER, AK US","2018-12-10",,,"1.68","0.0","0.0",,"44","38","44"
"USC00505519","LITTLE PORT WALTER, AK US","2018-12-11",,,"3.75","0.0","0.0",,"46","40","41"
"USC00505519","LITTLE PORT WALTER, AK US","2018-12-12",,,"0.41","0.0","0.0",,"42","32","37"
"USC00505519","LITTLE PORT WALTER, AK US","2018-12-13",,,"1.32","0.0","0.0",,"39","33","37"
"USC00505519","LITTLE PORT WALTER, AK US","2018-12-14",,,"0.48","0.3","0.0",,"37","30","30"
"USC00505519","LITTLE PORT WALTER, AK US","2018-12-15",,,"0.02","0.2","0.0",,"37","30","36"
"USC00505519","LITTLE PORT WALTER, AK US","2018-12-16",,,"1.40","0.0","0.0",,"44","36","41"
"USC00505519","LITTLE PORT WALTER, AK US","2018-12-17",,,"1.40","0.0","0.0",,"44","31","43"
"USC00505519","LITTLE PORT WALTER, AK US","2018-12-18",,,"1.54","0.0","0.0",,"45","41","45"
"USC00505519","LITTLE PORT WALTER, AK US","2018-12-19",,,"0.87","0.0","0.0",,"45","31","33"
"USC00505519","LITTLE PORT WALTER, AK US","2018-12-20",,,"0.01","0.9","0.0",,"45","30","31"
"USC00505519","LITTLE PORT WALTER, AK US","2018-12-21",,,"0.23","0.5","0.0",,"36","29","36"
"USC00505519","LITTLE PORT WALTER, AK US","2018-12-22",,,"0.60","0.0","0.0",,"38","33","37"
"USC00505519","LITTLE PORT WALTER, AK US","2018-12-23",,,"0.44","0.0","0.0",,"37","32","33"
"USC00505519","LITTLE PORT WALTER, AK US","2018-12-24",,,"0.44","0.0","0.0",,"38","32","36"
"USC00505519","LITTLE PORT WALTER, AK US","2018-12-25",,,"0.24","0.0","0.0",,"41","33","40"
"USC00505519","LITTLE PORT WALTER, AK US","2018-12-26",,,"1.15","0.0","0.0",,"43","36","41"
"USC00505519","LITTLE PORT WALTER, AK US","2018-12-27",,,"2.18","0.0","0.0",,"44","39","44"
"USC00505519","LITTLE PORT WALTER, AK US","2018-12-28",,,"0.08","0.0","0.0",,"45","33","36"
"USC00505519","LITTLE PORT WALTER, AK US","2018-12-29",,,"0.09","0.0","0.0",,"40","34","39"
"USC00505519","LITTLE PORT WALTER, AK US","2018-12-30",,,"0.08","0.0","0.0",,"40","32","38"
"USC00505519","LITTLE PORT WALTER, AK US","2018-12-31",,,"3.20","0.0","0.0",,"44","37","42"
"USC00503605","HIDDEN FALLS HACHRY, AK US","2018-09-01",,,,"0.0","0.0",,,,
"USC00503605","HIDDEN FALLS HACHRY, AK US","2018-09-02",,,,"0.0","0.0",,,,
"USC00503605","HIDDEN FALLS HACHRY, AK US","2018-09-03",,,,"0.0","0.0",,,,
"USC00503605","HIDDEN FALLS HACHRY, AK US","2018-09-04",,,,"0.0","0.0",,,,
"USC00503605","HIDDEN FALLS HACHRY, AK US","2018-09-05",,,,"0.0","0.0",,,,
"USC00503605","HIDDEN FALLS HACHRY, AK US","2018-09-06",,,,"0.0","0.0",,,,
"USC00503605","HIDDEN FALLS HACHRY, AK US","2018-09-07",,,,"0.0","0.0",,,,
"USC00503605","HIDDEN FALLS HACHRY, AK US","2018-09-08",,,,"0.0","0.0",,,,
"USC00503605","HIDDEN FALLS HACHRY, AK US","2018-09-09",,,,"0.0","0.0",,,,
"USC00503605","HIDDEN FALLS HACHRY, AK US","2018-09-10",,,,"0.0","0.0",,,,
"USC00503605","HIDDEN FALLS HACHRY, AK US","2018-09-11",,,,"0.0","0.0",,,,
"USC00503605","HIDDEN FALLS HACHRY, AK US","2018-09-12",,,,"0.0","0.0",,,,
"USC00503605","HIDDEN FALLS HACHRY, AK US","2018-09-13",,,,"0.0","0.0",,,,
"USC00503605","HIDDEN FALLS HACHRY, AK US","2018-09-14",,,,"0.0","0.0",,,,
"USC00503605","HIDDEN FALLS HACHRY, AK US","2018-09-15",,,,"0.0","0.0",,,,
"USC00503605","HIDDEN FALLS HACHRY, AK US","2018-09-16",,,,"0.0","0.0",,,,
"USC00503605","HIDDEN FALLS HACHRY, AK US","2018-09-17",,,,"0.0","0.0",,,,
"USC00503605","HIDDEN FALLS HACHRY, AK US","2018-09-18",,,,"0.0","0.0",,,,
"USC00503605","HIDDEN FALLS HACHRY, AK US","2018-09-19",,,,"0.0","0.0",,,,
"USC00503605","HIDDEN FALLS HACHRY, AK US","2018-09-20",,,,"0.0","0.0",,,,
"USC00503605","HIDDEN FALLS HACHRY, AK US","2018-09-21",,,,"0.0","0.0",,,,
"USC00503605","HIDDEN FALLS HACHRY, AK US","2018-09-22",,,,"0.0","0.0",,,,
"USC00503605","HIDDEN FALLS HACHRY, AK US","2018-09-23",,,,"0.0","0.0",,,,
"USC00503605","HIDDEN FALLS HACHRY, AK US","2018-09-24",,,,"0.0","0.0",,,,
"USC00503605","HIDDEN FALLS HACHRY, AK US","2018-09-25",,,,"0.0","0.0",,,,
"USC00503605","HIDDEN FALLS HACHRY, AK US","2018-09-26",,,,"0.0","0.0",,,,
"USC00503605","HIDDEN FALLS HACHRY, AK US","2018-09-27",,,,"0.0","0.0",,,,
"USC00503605","HIDDEN FALLS HACHRY, AK US","2018-09-28",,,,"0.0","0.0",,,,
"USC00503605","HIDDEN FALLS HACHRY, AK US","2018-09-29",,,,"0.0","0.0",,,,
"USC00503605","HIDDEN FALLS HACHRY, AK US","2018-09-30",,,,"0.0","0.0",,,,
"USC00503605","HIDDEN FALLS HACHRY, AK US","2018-10-23",,,,"0.0","0.0",,,,
"USC00503605","HIDDEN FALLS HACHRY, AK US","2018-10-24",,,"0.66","0.0","0.0",,,,
"USC00503605","HIDDEN FALLS HACHRY, AK US","2018-10-25",,,"2.45","0.0","0.0",,"51","46","48"
"USC00503605","HIDDEN FALLS HACHRY, AK US","2018-10-26",,,"0.82","0.0","0.0",,"48","43","44"
"USC00503605","HIDDEN FALLS HACHRY, AK US","2018-10-27",,,"0.36","0.0","0.0",,"47","40","44"
"USC00503605","HIDDEN FALLS HACHRY, AK US","2018-10-28",,,,"0.0","0.0",,,,
"USC00503605","HIDDEN FALLS HACHRY, AK US","2018-10-29","    2","0.07",,"0.0","0.0",,"46","41","43"
"USC00503605","HIDDEN FALLS HACHRY, AK US","2018-10-30",,,"0.38","0.0","0.0",,"46","43","43"
"USC00503605","HIDDEN FALLS HACHRY, AK US","2018-10-31",,,"0.06","0.0","0.0",,"45","36","38"
"USC00503605","HIDDEN FALLS HACHRY, AK US","2018-11-01",,,"0.00","0.0","0.0",,"42","36","37"
"USC00503605","HIDDEN FALLS HACHRY, AK US","2018-11-02",,,"0.54","0.0","0.0",,"39","34","35"
"USC00503605","HIDDEN FALLS HACHRY, AK US","2018-11-03",,,"0.41","0.0","0.0",,"38","32","34"
"USC00503605","HIDDEN FALLS HACHRY, AK US","2018-11-04",,,"0.60","0.0","0.0",,"38","32","37"
"USC00503605","HIDDEN FALLS HACHRY, AK US","2018-11-05",,,"0.20","0.0","0.0",,"39","34","34"
"USC00503605","HIDDEN FALLS HACHRY, AK US","2018-11-06",,,"0.00","0.0","0.0",,"38","31","32"
"USC00503605","HIDDEN FALLS HACHRY, AK US","2018-11-07",,,"0.00","0.0","0.0",,"36","29","31"
"USC00503605","HIDDEN FALLS HACHRY, AK US","2018-11-08",,,"0.45","0.0","0.0",,"41","30","41"
"USC00503605","HIDDEN FALLS HACHRY, AK US","2018-11-09",,,"0.68","0.0","0.0",,"43","40","40"
"USC00503605","HIDDEN FALLS HACHRY, AK US","2018-11-10",,,"0.03","0.0","0.0",,"43","37","39"
"USC00503605","HIDDEN FALLS HACHRY, AK US","2018-11-11",,,"0.32","0.0","0.0",,"43","37","43"
"USC00503605","HIDDEN FALLS HACHRY, AK US","2018-11-12",,,"0.45","0.0","0.0",,"44","37","44"
"USC00503605","HIDDEN FALLS HACHRY, AK US","2018-11-13",,,"1.08","0.0","0.0",,"51","39","41"
"USC00503605","HIDDEN FALLS HACHRY, AK US","2018-11-14",,,"2.57","0.0","0.0",,"45","39","43"
"USC00503605","HIDDEN FALLS HACHRY, AK US","2018-11-15",,,"0.63","0.0","0.0",,"45","40","42"
"USC00503605","HIDDEN FALLS HACHRY, AK US","2018-11-16",,,"0.02","0.0","0.0",,"43","37","37"
"USC00503605","HIDDEN FALLS HACHRY, AK US","2018-11-17",,,"0.80","0.0","0.0",,"43","37","43"
"USC00503605","HIDDEN FALLS HACHRY, AK US","2018-11-18",,,"1.00","0.0","0.0",,"46","42","46"
"USC00503605","HIDDEN FALLS HACHRY, AK US","2018-11-19",,,"0.09","0.0","0.0",,"50","46","46"
"USC00503605","HIDDEN FALLS HACHRY, AK US","2018-11-20",,,"0.87","0.0","0.0",,"47","45","45"
"USC00503605","HIDDEN FALLS HACHRY, AK US","2018-11-21",,,"0.07","0.0","0.0",,"45","38","40"
"USC00503605","HIDDEN FALLS HACHRY, AK US","2018-11-22",,,"1.00","0.0","0.0",,"42","38","38"
"USC00503605","HIDDEN FALLS HACHRY, AK US","2018-11-23",,,"0.50","0.0","0.0",,"40","36","36"
"USC00503605","HIDDEN FALLS HACHRY, AK US","2018-11-24",,,"0.00","0.0","0.0",,"39","33","38"
"USC00503605","HIDDEN FALLS HACHRY, AK US","2018-11-25",,,"1.18","0.0","0.0",,"45","38","45"
"USC00503605","HIDDEN FALLS HACHRY, AK US","2018-11-26",,,"4.09","0.0","0.0",,"49","45","46"
"USC00503605","HIDDEN FALLS HACHRY, AK US","2018-11-27",,,"0.43","0.0","0.0",,"47","43","44"
"USC00503605","HIDDEN FALLS HACHRY, AK US","2018-11-28",,,"0.00","0.0","0.0",,"44","39","40"
"USC00503605","HIDDEN FALLS HACHRY, AK US","2018-11-29",,,"0.06","0.0","0.0",,"42","39","40"
"USC00503605","HIDDEN FALLS HACHRY, AK US","2018-11-30",,,"0.23","0.0","0.0",,"41","32","32"
"USC00503605","HIDDEN FALLS HACHRY, AK US","2018-12-01",,,"0.00","0.0","0.0",,"35","29","30"
"USC00503605","HIDDEN FALLS HACHRY, AK US","2018-12-02",,,"0.00","0.0","0.0",,"32","28","32"
"USC00503605","HIDDEN FALLS HACHRY, AK US","2018-12-03",,,"0.10","0.0","0.0",,"33","28","32"
"USC00503605","HIDDEN FALLS HACHRY, AK US","2018-12-04",,,"0.10","0.0","0.0",,"34","32","34"
"USC00503605","HIDDEN FALLS HACHRY, AK US","2018-12-05",,,"0.00","0.0","0.0",,"37","34","36"
"USC00503605","HIDDEN FALLS HACHRY, AK US","2018-12-06",,,"0.02","0.0","0.0",,"37","36","37"
"USC00503605","HIDDEN FALLS HACHRY, AK US","2018-12-07",,,"0.02","0.0","0.0",,"38","34","38"
"USC00503605","HIDDEN FALLS HACHRY, AK US","2018-12-08",,,"0.75","0.0","0.0",,"43","37","43"
"USC00503605","HIDDEN FALLS HACHRY, AK US","2018-12-09",,,"3.80","0.0","0.0",,"45","41","41"
"USC00503605","HIDDEN FALLS HACHRY, AK US","2018-12-10",,,"1.05","0.0","0.0",,"45","36","40"
"USC00503605","HIDDEN FALLS HACHRY, AK US","2018-12-11",,,"3.26","0.0","0.0",,"42","33","34"
"USC00503605","HIDDEN FALLS HACHRY, AK US","2018-12-12",,,"0.52","0.0","0.0",,"37","32","33"
"USC00503605","HIDDEN FALLS HACHRY, AK US","2018-12-13",,,"1.20","0.0","0.0",,"38","32","35"
"USC00503605","HIDDEN FALLS HACHRY, AK US","2018-12-14",,,"0.24","0.0","0.0",,"36","32","32"
"USC00503605","HIDDEN FALLS HACHRY, AK US","2018-12-15",,,"0.00","0.0","0.0",,"33","27","30"
"USC00503605","HIDDEN FALLS HACHRY, AK US","2018-12-16",,,"2.40","2.5","3.0",,"40","30","40"
"USC00503605","HIDDEN FALLS HACHRY, AK US","2018-12-17",,,"3.50","0.0","0.0",,"42","30","38"
"USC00503605","HIDDEN FALLS HACHRY, AK US","2018-12-18",,,"3.11","0.0","0.0",,"41","38","39"
"USC00503605","HIDDEN FALLS HACHRY, AK US","2018-12-19",,,"2.65","0.0","0.0",,"44","32","33"
"USC00503605","HIDDEN FALLS HACHRY, AK US","2018-12-20",,,"0.12","0.5","1.0",,"35","31","31"
"USC00503605","HIDDEN FALLS HACHRY, AK US","2018-12-21",,,"0.00","0.0","1.0",,"32","29","32"
"USC00503605","HIDDEN FALLS HACHRY, AK US","2018-12-22",,,"0.55","0.0","2.0",,"35","32","33"
"USC00503605","HIDDEN FALLS HACHRY, AK US","2018-12-23",,,"0.50","3.0","3.0",,"35","31","32"
"USC00503605","HIDDEN FALLS HACHRY, AK US","2018-12-24",,,"0.23","3.0","5.0",,"33","31","32"
"USC00503605","HIDDEN FALLS HACHRY, AK US","2018-12-26","    2","1.10",,"0.5","3.0",,"38","32","35"
"USC00503605","HIDDEN FALLS HACHRY, AK US","2018-12-27",,,"1.39","0.0","2.0",,"40","34","36"
"USC00503605","HIDDEN FALLS HACHRY, AK US","2018-12-28",,,"0.56","0.0","0.0",,"41","32","32"
"USC00503605","HIDDEN FALLS HACHRY, AK US","2018-12-29",,,"0.00","0.0","0.0",,,,
"USC00503605","HIDDEN FALLS HACHRY, AK US","2018-12-30",,,"0.00","0.0","0.0",,,,
"USC00503605","HIDDEN FALLS HACHRY, AK US","2018-12-31",,,"0.95","0.0","0.0",,"39","31","38"
"USW00025379","SITKA 1 NE, AK US","2018-05-31",,,"0.00",,,,"55","37",
"USW00025379","SITKA 1 NE, AK US","2018-06-01",,,"0.01",,,,"58","40",
"USW00025379","SITKA 1 NE, AK US","2018-06-02",,,"0.14",,,,"53","42",
"USW00025379","SITKA 1 NE, AK US","2018-06-03",,,"0.01",,,,"56","39",
"USW00025379","SITKA 1 NE, AK US","2018-06-04",,,"0.12",,,,"53","42",
"USW00025379","SITKA 1 NE, AK US","2018-06-05",,,"0.00",,,,"63","41",
"USW00025379","SITKA 1 NE, AK US","2018-06-06",,,"0.12",,,,"61","44",
"USW00025379","SITKA 1 NE, AK US","2018-06-07",,,"0.06",,,,"61","44",
"USW00025379","SITKA 1 NE, AK US","2018-06-08",,,"0.06",,,,"60","41",
"USW00025379","SITKA 1 NE, AK US","2018-06-09",,,"0.21",,,,"60","40",
"USW00025379","SITKA 1 NE, AK US","2018-06-10",,,"1.15",,,,"52","44",
"USW00025379","SITKA 1 NE, AK US","2018-06-12",,,"0.02",,,,"64","43",
"USW00025379","SITKA 1 NE, AK US","2018-06-13",,,"0.10",,,,"56","44",
"USW00025379","SITKA 1 NE, AK US","2018-06-14",,,"0.05",,,,"53","44",
"USW00025379","SITKA 1 NE, AK US","2018-06-15",,,"0.00",,,,"58","47",
"USW00025379","SITKA 1 NE, AK US","2018-06-16",,,"0.46",,,,"57","44",
"USW00025379","SITKA 1 NE, AK US","2018-06-17",,,"0.11",,,,"55","52",
"USW00025379","SITKA 1 NE, AK US","2018-06-18",,,"0.00",,,,"65","50",
"USW00025379","SITKA 1 NE, AK US","2018-06-19",,,"0.00",,,,"70","48",
"USW00025379","SITKA 1 NE, AK US","2018-06-20",,,"0.00",,,,"68","51",
"USW00025379","SITKA 1 NE, AK US","2018-06-21",,,"0.13",,,,"57","51",
"USW00025379","SITKA 1 NE, AK US","2018-06-22",,,"0.04",,,,"61","46",
"USW00025379","SITKA 1 NE, AK US","2018-06-23",,,"0.00",,,,"56","44",
"USW00025379","SITKA 1 NE, AK US","2018-06-24",,,"0.04",,,,"63","47",
"USW00025379","SITKA 1 NE, AK US","2018-06-25",,,"0.06",,,,"62","47",
"USW00025379","SITKA 1 NE, AK US","2018-06-26",,,"0.16",,,,"55","46",
"USW00025379","SITKA 1 NE, AK US","2018-06-27",,,"0.00",,,,"56","47",
"USW00025379","SITKA 1 NE, AK US","2018-06-28",,,"0.29",,,,"61","47",
"USW00025379","SITKA 1 NE, AK US","2018-06-29",,,"0.53",,,,"56","50",
"USW00025379","SITKA 1 NE, AK US","2018-06-30",,,"0.22",,,,"56","49",
"USW00025379","SITKA 1 NE, AK US","2018-07-01",,,"0.12",,,,"63","48",
"USW00025379","SITKA 1 NE, AK US","2018-07-02",,,"0.06",,,,"58","50",
"USW00025379","SITKA 1 NE, AK US","2018-07-03",,,"0.00",,,,"70","52",
"USW00025379","SITKA 1 NE, AK US","2018-07-04",,,"0.00",,,,"76","50",
"USW00025379","SITKA 1 NE, AK US","2018-07-05",,,"0.00",,,,"70","49",
"USW00025379","SITKA 1 NE, AK US","2018-07-06",,,"0.00",,,,"58","50",
"USW00025379","SITKA 1 NE, AK US","2018-07-07",,,"0.02",,,,"57","53",
"USW00025379","SITKA 1 NE, AK US","2018-07-08",,,"0.04",,,,"62","52",
"USW00025379","SITKA 1 NE, AK US","2018-07-09",,,"0.00",,,,"65","52",
"USW00025379","SITKA 1 NE, AK US","2018-07-10",,,"0.42",,,,"57","52",
"USW00025379","SITKA 1 NE, AK US","2018-07-11",,,"0.39",,,,"54","49",
"USW00025379","SITKA 1 NE, AK US","2018-07-12",,,"0.02",,,,"61","44",
"USW00025379","SITKA 1 NE, AK US","2018-07-13",,,"0.00",,,,"65","44",
"USW00025379","SITKA 1 NE, AK US","2018-07-14",,,"0.29",,,,"59","48",
"USW00025379","SITKA 1 NE, AK US","2018-07-15",,,"1.00",,,,"54","51",
"USW00025379","SITKA 1 NE, AK US","2018-07-16",,,"0.74",,,,"59","51",
"USW00025379","SITKA 1 NE, AK US","2018-07-17",,,"0.00",,,,"63","49",
"USW00025379","SITKA 1 NE, AK US","2018-07-18",,,"0.09",,,,"62","50",
"USW00025379","SITKA 1 NE, AK US","2018-07-19",,,"0.17",,,,"59","51",
"USW00025379","SITKA 1 NE, AK US","2018-07-20",,,"0.00",,,,"61","53",
"USW00025379","SITKA 1 NE, AK US","2018-07-21",,,"0.00",,,,"66","49",
"USW00025379","SITKA 1 NE, AK US","2018-07-22",,,"0.00",,,,"65","49",
"USW00025379","SITKA 1 NE, AK US","2018-07-23",,,"0.00",,,,"65","49",
"USW00025379","SITKA 1 NE, AK US","2018-07-24",,,"0.00",,,,"60","49",
"USW00025379","SITKA 1 NE, AK US","2018-07-25",,,"0.00",,,,"66","51",
"USW00025379","SITKA 1 NE, AK US","2018-07-26",,,"0.00",,,,"69","55",
"USW00025379","SITKA 1 NE, AK US","2018-07-27",,,"0.00",,,,"71","56",
"USW00025379","SITKA 1 NE, AK US","2018-07-28",,,"0.00",,,,"69","51",
"USW00025379","SITKA 1 NE, AK US","2018-07-29",,,"0.00",,,,"69","50",
"USW00025379","SITKA 1 NE, AK US","2018-07-30",,,"0.00",,,,"70","52",
"USW00025379","SITKA 1 NE, AK US","2018-07-31",,,"0.00",,,,"69","50",
"USW00025379","SITKA 1 NE, AK US","2018-08-01",,,"0.01",,,,"66","52",
"USW00025379","SITKA 1 NE, AK US","2018-08-02",,,"0.35",,,,"59","55",
"USW00025379","SITKA 1 NE, AK US","2018-08-03",,,"0.03",,,,"64","54",
"USW00025379","SITKA 1 NE, AK US","2018-08-04",,,"0.00",,,,"72","53",
"USW00025379","SITKA 1 NE, AK US","2018-08-05",,,"0.00",,,,"76","49",
"USW00025379","SITKA 1 NE, AK US","2018-08-06",,,"0.00",,,,"68","52",
"USW00025379","SITKA 1 NE, AK US","2018-08-07",,,"0.07",,,,"64","55",
"USW00025379","SITKA 1 NE, AK US","2018-08-08",,,"2.80",,,,"58","56",
"USW00025379","SITKA 1 NE, AK US","2018-08-09",,,"0.84",,,,"60","54",
"USW00025379","SITKA 1 NE, AK US","2018-08-10",,,"0.04",,,,"64","49",
"USW00025379","SITKA 1 NE, AK US","2018-08-11",,,"0.00",,,,"66","46",
"USW00025379","SITKA 1 NE, AK US","2018-08-12",,,"0.16",,,,"63","55",
"USW00025379","SITKA 1 NE, AK US","2018-08-13",,,"1.74",,,,"58","55",
"USW00025379","SITKA 1 NE, AK US","2018-08-14",,,"0.19",,,,"62","51",
"USW00025379","SITKA 1 NE, AK US","2018-08-15",,,"0.00",,,,"60","49",
"USW00025379","SITKA 1 NE, AK US","2018-08-16",,,"0.00",,,,"63","50",
"USW00025379","SITKA 1 NE, AK US","2018-08-17",,,"0.21",,,,"64","47",
"USW00025379","SITKA 1 NE, AK US","2018-08-18",,,"0.00",,,,"64","46",
"USW00025379","SITKA 1 NE, AK US","2018-08-19",,,"0.00",,,,"67","45",
"USW00025379","SITKA 1 NE, AK US","2018-08-20",,,"0.00",,,,"66","45",
"USW00025379","SITKA 1 NE, AK US","2018-08-21",,,"0.42",,,,"62","54",
"USW00025379","SITKA 1 NE, AK US","2018-08-22",,,"0.60",,,,"58","53",
"USW00025379","SITKA 1 NE, AK US","2018-08-23",,,"0.11",,,,"62","53",
"USW00025379","SITKA 1 NE, AK US","2018-08-24",,,"0.50",,,,"58","53",
"USW00025379","SITKA 1 NE, AK US","2018-08-25",,,"0.49",,,,"58","51",
"USW00025379","SITKA 1 NE, AK US","2018-08-26",,,"0.00",,,,"62","48",
"USW00025379","SITKA 1 NE, AK US","2018-08-27",,,"1.12",,,,"59","54",
"USW00025379","SITKA 1 NE, AK US","2018-08-28",,,"1.87",,,,"58","55",
"USW00025379","SITKA 1 NE, AK US","2018-08-29",,,"0.00",,,,"63","51",
"USW00025379","SITKA 1 NE, AK US","2018-08-30",,,"0.20",,,,"62","53",
"USW00025379","SITKA 1 NE, AK US","2018-08-31",,,"0.66",,,,"60","51",
"USW00025379","SITKA 1 NE, AK US","2018-09-01",,,"0.55",,,,"55","48",
"USW00025379","SITKA 1 NE, AK US","2018-09-02",,,"0.00",,,,"63","46",
"USW00025379","SITKA 1 NE, AK US","2018-09-03",,,"0.00",,,,"62","44",
"USW00025379","SITKA 1 NE, AK US","2018-09-04",,,"0.00",,,,"67","42",
"USW00025379","SITKA 1 NE, AK US","2018-09-05",,,"0.00",,,,"67","44",
"USW00025379","SITKA 1 NE, AK US","2018-09-06",,,"0.00",,,,"66","44",
"USW00025379","SITKA 1 NE, AK US","2018-09-07",,,"0.18",,,,"62","46",
"USW00025379","SITKA 1 NE, AK US","2018-09-08",,,"0.01",,,,"66","50",
"USW00025379","SITKA 1 NE, AK US","2018-09-09",,,"0.00",,,,"62","49",
"USW00025379","SITKA 1 NE, AK US","2018-09-10",,,"0.00",,,,"70","46",
"USW00025379","SITKA 1 NE, AK US","2018-09-11",,,"0.00",,,,"65","42",
"USW00025379","SITKA 1 NE, AK US","2018-09-12",,,"0.00",,,,"68","40",
"USW00025379","SITKA 1 NE, AK US","2018-09-13",,,"0.00",,,,"60","42",
"USW00025379","SITKA 1 NE, AK US","2018-09-14",,,"0.00",,,,"62","39",
"USW00025379","SITKA 1 NE, AK US","2018-09-15",,,"0.00",,,,"61","36",
"USW00025379","SITKA 1 NE, AK US","2018-09-16",,,"0.00",,,,"60","33",
"USW00025379","SITKA 1 NE, AK US","2018-09-17",,,"0.00",,,,"59","33",
"USW00025379","SITKA 1 NE, AK US","2018-09-18",,,"0.00",,,,"63","35",
"USW00025379","SITKA 1 NE, AK US","2018-09-19",,,"0.00",,,,"61","35",
"USW00025379","SITKA 1 NE, AK US","2018-09-20",,,"0.00",,,,"59","34",
"USW00025379","SITKA 1 NE, AK US","2018-09-21",,,"0.00",,,,"60","34",
"USW00025379","SITKA 1 NE, AK US","2018-09-22",,,"0.22",,,,"54","36",
"USW00025379","SITKA 1 NE, AK US","2018-09-23",,,"1.20",,,,"56","48",
"USW00025379","SITKA 1 NE, AK US","2018-09-24",,,"0.35",,,,"56","47",
"USW00025379","SITKA 1 NE, AK US","2018-09-25",,,"1.84",,,,"56","54",
"USW00025379","SITKA 1 NE, AK US","2018-09-26",,,"0.35",,,,"59","54",
"USW00025379","SITKA 1 NE, AK US","2018-09-27",,,"0.06",,,,"59","53",
"USW00025379","SITKA 1 NE, AK US","2018-09-28",,,"0.04",,,,"60","47",
"USW00025379","SITKA 1 NE, AK US","2018-09-29",,,"0.00",,,,"62","38",
"USW00025379","SITKA 1 NE, AK US","2018-09-30",,,"0.00",,,,"61","35",
"USW00025379","SITKA 1 NE, AK US","2018-10-01",,,"0.00",,,,"63","35",
"USW00025379","SITKA 1 NE, AK US","2018-10-02",,,"0.00",,,,"54","32",
"USW00025379","SITKA 1 NE, AK US","2018-10-03",,,"0.00",,,,"51","32",
"USW00025379","SITKA 1 NE, AK US","2018-10-04",,,"0.15",,,,"52","33",
"USW00025379","SITKA 1 NE, AK US","2018-10-05",,,"1.83",,,,"55","47",
"USW00025379","SITKA 1 NE, AK US","2018-10-06",,,"0.09",,,,"53","47",
"USW00025379","SITKA 1 NE, AK US","2018-10-07",,,"0.30",,,,"53","47",
"USW00025379","SITKA 1 NE, AK US","2018-10-08",,,"0.38",,,,"56","38",
"USW00025379","SITKA 1 NE, AK US","2018-10-09",,,"0.00",,,,"53","36",
"USW00025379","SITKA 1 NE, AK US","2018-10-10",,,"1.56",,,,"52","42",
"USW00025379","SITKA 1 NE, AK US","2018-10-11",,,"0.47",,,,"52","42",
"USW00025379","SITKA 1 NE, AK US","2018-10-12",,,"0.04",,,,"54","40",
"USW00025379","SITKA 1 NE, AK US","2018-10-13",,,"0.52",,,,"51","45",
"USW00025379","SITKA 1 NE, AK US","2018-10-14",,,"0.48",,,,"56","51",
"USW00025379","SITKA 1 NE, AK US","2018-10-15",,,"0.06",,,,"56","47",
"USW00025379","SITKA 1 NE, AK US","2018-10-16",,,"1.60",,,,"53","44",
"USW00025379","SITKA 1 NE, AK US","2018-10-17",,,"0.17",,,,"56","46",
"USW00025379","SITKA 1 NE, AK US","2018-10-18",,,"0.18",,,,"53","46",
"USW00025379","SITKA 1 NE, AK US","2018-10-19",,,"1.77",,,,"54","47",
"USW00025379","SITKA 1 NE, AK US","2018-10-20",,,"0.22",,,,"52","44",
"USW00025379","SITKA 1 NE, AK US","2018-10-21",,,"0.15",,,,"54","46",
"USW00025379","SITKA 1 NE, AK US","2018-10-22",,,"1.01",,,,"59","45",
"USW00025379","SITKA 1 NE, AK US","2018-10-23",,,"0.34",,,,"58","44",
"USW00025379","SITKA 1 NE, AK US","2018-10-24",,,"0.01",,,,"53","43",
"USW00025379","SITKA 1 NE, AK US","2018-10-25",,,"0.54",,,,"54","44",
"USW00025379","SITKA 1 NE, AK US","2018-10-26",,,"0.62",,,,"47","42",
"USW00025379","SITKA 1 NE, AK US","2018-10-27",,,"0.01",,,,"51","40",
"USW00025379","SITKA 1 NE, AK US","2018-10-28",,,"0.00",,,,"53","41",
"USW00025379","SITKA 1 NE, AK US","2018-10-29",,,"0.33",,,,"54","38",
"USW00025379","SITKA 1 NE, AK US","2018-10-30",,,"0.28",,,,"48","38",
"USW00025379","SITKA 1 NE, AK US","2018-10-31",,,"0.07",,,,"43","36",
"USW00025379","SITKA 1 NE, AK US","2018-11-01",,,"0.05",,,,"46","38",
"USW00025379","SITKA 1 NE, AK US","2018-11-02",,,"0.33",,,,"43","36",
"USW00025379","SITKA 1 NE, AK US","2018-11-03",,,"0.48",,,,"47","40",
"USW00025379","SITKA 1 NE, AK US","2018-11-04",,,"0.80",,,,"47","42",
"USW00025379","SITKA 1 NE, AK US","2018-11-05",,,"0.02",,,,"43","31",
"USW00025379","SITKA 1 NE, AK US","2018-11-06",,,"0.00",,,,"40","29",
"USW00025379","SITKA 1 NE, AK US","2018-11-07",,,"0.05",,,,"49","29",
"USW00025379","SITKA 1 NE, AK US","2018-11-08",,,"0.83",,,,"49","43",
"USW00025379","SITKA 1 NE, AK US","2018-11-09",,,"0.41",,,,"48","40",
"USW00025379","SITKA 1 NE, AK US","2018-11-10",,,"0.33",,,,"45","40",
"USW00025379","SITKA 1 NE, AK US","2018-11-11",,,"0.14",,,,"47","43",
"USW00025379","SITKA 1 NE, AK US","2018-11-12",,,"0.05",,,,"51","44",
"USW00025379","SITKA 1 NE, AK US","2018-11-13",,,"0.61",,,,"50","42",
"USW00025379","SITKA 1 NE, AK US","2018-11-14",,,"1.00",,,,"45","42",
"USW00025379","SITKA 1 NE, AK US","2018-11-15",,,"0.15",,,,"44","33",
"USW00025379","SITKA 1 NE, AK US","2018-11-16",,,"0.53",,,,"45","32",
"USW00025379","SITKA 1 NE, AK US","2018-11-17",,,"2.09",,,,"52","45",
"USW00025379","SITKA 1 NE, AK US","2018-11-18",,,"1.13",,,,"52","44",
"USW00025379","SITKA 1 NE, AK US","2018-11-19",,,"0.03",,,,"47","43",
"USW00025379","SITKA 1 NE, AK US","2018-11-20",,,"0.65",,,,"48","41",
"USW00025379","SITKA 1 NE, AK US","2018-11-21",,,"0.03",,,,"42","36",
"USW00025379","SITKA 1 NE, AK US","2018-11-22",,,"0.14",,,,"41","37",
"USW00025379","SITKA 1 NE, AK US","2018-11-23",,,"0.00",,,,"41","32",
"USW00025379","SITKA 1 NE, AK US","2018-11-24",,,"0.06",,,,"44","32",
"USW00025379","SITKA 1 NE, AK US","2018-11-25",,,"0.07",,,,"52","42",
"USW00025379","SITKA 1 NE, AK US","2018-11-26",,,"0.81",,,,"50","42",
"USW00025379","SITKA 1 NE, AK US","2018-11-27",,,"0.00",,,,"45","36",
"USW00025379","SITKA 1 NE, AK US","2018-11-28",,,"0.25",,,,"44","37",
"USW00025379","SITKA 1 NE, AK US","2018-11-29",,,"0.20",,,,"42","32",
"USW00025379","SITKA 1 NE, AK US","2018-11-30",,,"0.07",,,,"37","30",
"USW00025379","SITKA 1 NE, AK US","2018-12-01",,,"0.00",,,,"32","27",
"USW00025379","SITKA 1 NE, AK US","2018-12-02",,,"0.05",,,,"35","31",
"USW00025379","SITKA 1 NE, AK US","2018-12-03",,,"0.01",,,,"38","31",
"USW00025379","SITKA 1 NE, AK US","2018-12-04",,,"0.03",,,,"41","35",
"USW00025379","SITKA 1 NE, AK US","2018-12-05",,,"0.00",,,,"40","35",
"USW00025379","SITKA 1 NE, AK US","2018-12-06",,,"0.02",,,,"41","35",
"USW00025379","SITKA 1 NE, AK US","2018-12-07",,,"0.06",,,,"46","32",
"USW00025379","SITKA 1 NE, AK US","2018-12-08",,,"0.15",,,,"50","41",
"USW00025379","SITKA 1 NE, AK US","2018-12-09",,,"0.64",,,,"46","36",
"USW00025379","SITKA 1 NE, AK US","2018-12-10",,,"1.64",,,,"41","37",
"USW00025379","SITKA 1 NE, AK US","2018-12-11",,,"1.19",,,,"42","35",
"USW00025379","SITKA 1 NE, AK US","2018-12-12",,,"0.05",,,,"39","32",
"USW00025379","SITKA 1 NE, AK US","2018-12-13",,,"0.63",,,,"39","31",
"USW00025379","SITKA 1 NE, AK US","2018-12-14",,,"0.06",,,,"32","26",
"USW00025379","SITKA 1 NE, AK US","2018-12-15",,,"0.03",,,,"43","26",
"USW00025379","SITKA 1 NE, AK US","2018-12-16",,,"0.38",,,,"47","39",
"USW00025379","SITKA 1 NE, AK US","2018-12-17",,,"0.31",,,,"44","39",
"USW00025379","SITKA 1 NE, AK US","2018-12-18",,,"0.72",,,,"45","38",
"USW00025379","SITKA 1 NE, AK US","2018-12-19",,,"0.37",,,,"38","32",
"USW00025379","SITKA 1 NE, AK US","2018-12-20",,,"0.60",,,,"33","29",
"USW00025379","SITKA 1 NE, AK US","2018-12-21",,,"0.03",,,,"36","29",
"USW00025379","SITKA 1 NE, AK US","2018-12-22",,,"0.00",,,,"40","31",
"USW00025379","SITKA 1 NE, AK US","2018-12-23",,,"0.10",,,,"38","33",
"USW00025379","SITKA 1 NE, AK US","2018-12-24",,,"0.76",,,,"36","34",
"USW00025379","SITKA 1 NE, AK US","2018-12-25",,,"0.06",,,,"39","31",
"USW00025379","SITKA 1 NE, AK US","2018-12-26",,,"0.39",,,,"44","38",
"USW00025379","SITKA 1 NE, AK US","2018-12-27",,,"0.44",,,,"44","39",
"USW00025379","SITKA 1 NE, AK US","2018-12-28",,,"0.06",,,,"40","33",
"USW00025379","SITKA 1 NE, AK US","2018-12-29",,,"0.23",,,,"36","31",
"USW00025379","SITKA 1 NE, AK US","2018-12-30",,,"0.30",,,,"38","34",
"USW00025379","SITKA 1 NE, AK US","2018-12-31",,,"1.20",,,,"45","38",
